-- MySQL dump 10.13  Distrib 8.0.40, for Win64 (x86_64)
--
-- Host: localhost    Database: gestionevaluation
-- ------------------------------------------------------
-- Server version	8.0.40

/*!40101 SET @OLD_CHARACTER_SET_CLIENT=@@CHARACTER_SET_CLIENT */;
/*!40101 SET @OLD_CHARACTER_SET_RESULTS=@@CHARACTER_SET_RESULTS */;
/*!40101 SET @OLD_COLLATION_CONNECTION=@@COLLATION_CONNECTION */;
/*!50503 SET NAMES utf8mb4 */;
/*!40103 SET @OLD_TIME_ZONE=@@TIME_ZONE */;
/*!40103 SET TIME_ZONE='+00:00' */;
/*!40014 SET @OLD_UNIQUE_CHECKS=@@UNIQUE_CHECKS, UNIQUE_CHECKS=0 */;
/*!40014 SET @OLD_FOREIGN_KEY_CHECKS=@@FOREIGN_KEY_CHECKS, FOREIGN_KEY_CHECKS=0 */;
/*!40101 SET @OLD_SQL_MODE=@@SQL_MODE, SQL_MODE='NO_AUTO_VALUE_ON_ZERO' */;
/*!40111 SET @OLD_SQL_NOTES=@@SQL_NOTES, SQL_NOTES=0 */;

--
-- Table structure for table `atelier`
--

DROP TABLE IF EXISTS `atelier`;
/*!40101 SET @saved_cs_client     = @@character_set_client */;
/*!50503 SET character_set_client = utf8mb4 */;
CREATE TABLE `atelier` (
  `id` int NOT NULL AUTO_INCREMENT,
  `nom` varchar(255) NOT NULL,
  PRIMARY KEY (`id`)
) ENGINE=InnoDB AUTO_INCREMENT=15 DEFAULT CHARSET=utf8mb4 COLLATE=utf8mb4_0900_ai_ci;
/*!40101 SET character_set_client = @saved_cs_client */;

--
-- Dumping data for table `atelier`
--

LOCK TABLES `atelier` WRITE;
/*!40000 ALTER TABLE `atelier` DISABLE KEYS */;
INSERT INTO `atelier` VALUES (5,'Atelier 5'),(8,'Atelier 8'),(9,'Atelier 9'),(10,'Atelier 10'),(11,'Atelier 11'),(14,'Atelier 14');
/*!40000 ALTER TABLE `atelier` ENABLE KEYS */;
UNLOCK TABLES;

--
-- Table structure for table `historique`
--

DROP TABLE IF EXISTS `historique`;
/*!40101 SET @saved_cs_client     = @@character_set_client */;
/*!50503 SET character_set_client = utf8mb4 */;
CREATE TABLE `historique` (
  `id` int NOT NULL AUTO_INCREMENT,
  `date_time` datetime NOT NULL,
  `action` varchar(255) NOT NULL,
  `operateur_id` int DEFAULT NULL,
  `poste_id` int DEFAULT NULL,
  `description` text,
  PRIMARY KEY (`id`),
  KEY `operateur_id` (`operateur_id`),
  KEY `poste_id` (`poste_id`),
  CONSTRAINT `historique_ibfk_1` FOREIGN KEY (`operateur_id`) REFERENCES `personnel` (`id`) ON DELETE CASCADE,
  CONSTRAINT `historique_ibfk_2` FOREIGN KEY (`poste_id`) REFERENCES `postes` (`id`) ON DELETE CASCADE
) ENGINE=InnoDB AUTO_INCREMENT=12 DEFAULT CHARSET=utf8mb4 COLLATE=utf8mb4_0900_ai_ci;
/*!40101 SET character_set_client = @saved_cs_client */;

--
-- Dumping data for table `historique`
--

LOCK TABLES `historique` WRITE;
/*!40000 ALTER TABLE `historique` DISABLE KEYS */;
/*!40000 ALTER TABLE `historique` ENABLE KEYS */;
UNLOCK TABLES;

--
-- Table structure for table `personnel`
--

DROP TABLE IF EXISTS `personnel`;
/*!40101 SET @saved_cs_client     = @@character_set_client */;
/*!50503 SET character_set_client = utf8mb4 */;
CREATE TABLE `personnel` (
  `id` int NOT NULL AUTO_INCREMENT,
  `nom` varchar(255) DEFAULT NULL,
  `prenom` varchar(255) DEFAULT NULL,
  `statut` varchar(255) DEFAULT NULL,
  PRIMARY KEY (`id`)
) ENGINE=InnoDB AUTO_INCREMENT=97 DEFAULT CHARSET=utf8mb4 COLLATE=utf8mb4_0900_ai_ci;
/*!40101 SET character_set_client = @saved_cs_client */;

--
-- Dumping data for table `personnel`
--

LOCK TABLES `personnel` WRITE;
/*!40000 ALTER TABLE `personnel` DISABLE KEYS */;
INSERT INTO `personnel` VALUES (1,'ACEDO','Sebastien','INACTIF'),(2,'AGUERRE','Stéphane','ACTIF'),(3,'BAGDASARIANI','Eduardi','ACTIF'),(4,'BEHEREGARAY','Jean Michel','INACTIF'),(5,'BENGOCHEA','Emmanuel','ACTIF'),(6,'BIDONDO','Anthony','ACTIF'),(7,'BIDONDO','Michael','ACTIF'),(8,'BIDONDO','Pierre','ACTIF'),(9,'BRANKAER','Alexandre','ACTIF'),(10,'CAMPANE','Jean François','ACTIF'),(11,'CARRICABURU','Alain','ACTIF'),(12,'CAZENAVE','Jean','ACTIF'),(13,'CORDANI','Jean Marie','ACTIF'),(14,'CORREIA DOS SANTOS','Jorg','ACTIF'),(15,'COSTA','Daniel','ACTIF'),(16,'COUCHINAVE','Eric','ACTIF'),(17,'COURTIES','Doryan','ACTIF'),(18,'DA COSTA','Sergio','ACTIF'),(19,'DAVIES','Edouard','INACTIF'),(20,'DELGADO','Cedric','ACTIF'),(21,'DEVAUX','David','ACTIF'),(22,'DOS SANTOS','Charly','ACTIF'),(23,'ETCHEVERRY','Frédéric','ACTIF'),(24,'FERNANDEZ','Thomas','ACTIF'),(25,'GONOT','Damien','ACTIF'),(26,'GOUVINHAS','Alexandre','ACTIF'),(27,'GUIMON','Alain','ACTIF'),(28,'LUQUET','François','ACTIF'),(29,'MARCADIEU','Cedric','ACTIF'),(30,'MARTA','Frédéric','ACTIF'),(31,'MERCIRIS','Theo','INACTIF'),(32,'MILAGE','Alban','ACTIF'),(33,'MOLUS','Sonia','ACTIF'),(34,'MONTOIS','Xabi','ACTIF'),(35,'MORIAT','Andre','INACTIF'),(36,'MOUSTROUS','Herve','ACTIF'),(37,'ORDUNA','Pierre','ACTIF'),(38,'OYHENART','Nicolas','ACTIF'),(39,'PEREZ','Xavier','ACTIF'),(40,'POCHELU','André Maurice','ACTIF'),(41,'POISSONNET','Jean Louis','ACTIF'),(42,'POUTOU','Eldon Tresor','ACTIF'),(43,'RICE','Matthew','ACTIF'),(44,'SALLETTE','Frédéric','ACTIF'),(45,'SARALEGUI','Eric','ACTIF'),(46,'SERVANT','Mikaël','ACTIF'),(47,'SICRE','Pierre','ACTIF'),(48,'TRADERE','Jonathan','ACTIF'),(49,'UNANUA','Dominique','ACTIF'),(50,'URRUTIA','Laurent','ACTIF'),(51,'VASSEUR','Joffrey','ACTIF'),(52,'VERGE','Olivier','ACTIF'),(76,'VARIN','Fabien','ACTIF');
/*!40000 ALTER TABLE `personnel` ENABLE KEYS */;
UNLOCK TABLES;

--
-- Table structure for table `polyvalence`
--

DROP TABLE IF EXISTS `polyvalence`;
/*!40101 SET @saved_cs_client     = @@character_set_client */;
/*!50503 SET character_set_client = utf8mb4 */;
CREATE TABLE `polyvalence` (
  `id` int NOT NULL AUTO_INCREMENT,
  `operateur_id` int NOT NULL,
  `poste_id` int NOT NULL,
  `niveau` int DEFAULT NULL,
  `date_evaluation` date DEFAULT NULL,
  `prochaine_evaluation` date DEFAULT NULL,
  PRIMARY KEY (`id`),
  KEY `operateur_id` (`operateur_id`),
  KEY `poste_id` (`poste_id`),
  CONSTRAINT `polyvalence_ibfk_1` FOREIGN KEY (`operateur_id`) REFERENCES `personnel` (`id`) ON DELETE CASCADE,
  CONSTRAINT `polyvalence_ibfk_2` FOREIGN KEY (`poste_id`) REFERENCES `postes` (`id`) ON DELETE CASCADE,
  CONSTRAINT `polyvalence_chk_1` CHECK ((`niveau` between 1 and 4))
) ENGINE=InnoDB AUTO_INCREMENT=18284 DEFAULT CHARSET=utf8mb4 COLLATE=utf8mb4_0900_ai_ci;
/*!40101 SET character_set_client = @saved_cs_client */;

--
-- Dumping data for table `polyvalence`
--

LOCK TABLES `polyvalence` WRITE;
/*!40000 ALTER TABLE `polyvalence` DISABLE KEYS */;
INSERT INTO `polyvalence` VALUES (17439,1,5,3,'2024-06-17','2034-06-15'),(17440,1,31,3,'2023-09-29','2033-09-26'),(17441,2,5,3,'2022-10-18','2032-10-15'),(17442,2,8,3,'2020-11-02','2030-10-31'),(17443,2,11,3,'2021-09-29','2031-09-27'),(17444,2,13,3,'2021-09-29','2031-09-27'),(17445,2,19,3,'2020-11-02','2030-10-31'),(17446,2,20,3,'2021-09-29','2031-09-27'),(17447,2,21,3,'2021-09-29','2031-09-27'),(17448,2,32,3,'2020-11-02','2030-10-31'),(17449,3,2,3,'2024-09-27','2034-09-25'),(17450,3,5,3,'2024-09-27','2034-09-25'),(17451,4,9,4,'2020-11-02','2030-10-31'),(17452,4,14,4,'2020-11-02','2030-10-31'),(17453,4,33,4,'2020-11-02','2030-10-31'),(17454,5,6,3,'2019-11-25','2029-11-22'),(17455,5,8,3,'2021-09-30','2031-09-30'),(17456,5,15,3,'2020-02-13','2030-02-10'),(17457,5,19,3,'2019-11-26','2029-11-23'),(17458,5,23,3,'2021-02-18','2031-02-16'),(17459,6,1,4,'2024-06-14','2034-06-12'),(17460,6,5,4,'2024-06-14','2034-06-12'),(17461,6,28,4,'2024-06-14','2034-06-12'),(17462,6,29,4,'2022-10-24','2032-10-21'),(17463,6,30,4,'2022-10-24','2032-10-21'),(17464,6,31,4,'2022-10-24','2032-10-21'),(17465,6,32,4,'2022-04-20','2032-04-17'),(17466,6,33,4,'2023-10-24','2033-10-31'),(17467,7,1,4,'2020-11-02','2030-10-31'),(17468,7,2,4,'2020-11-02','2030-10-31'),(17469,7,4,4,'2020-11-02','2030-10-31'),(17470,7,5,4,'2020-11-02','2030-10-31'),(17471,7,6,4,'2020-11-02','2030-10-31'),(17472,7,7,4,'2020-11-02','2030-10-31'),(17473,7,10,4,'2024-10-10','2034-10-08'),(17474,7,11,4,'2020-11-02','2030-10-31'),(17475,7,12,4,'2021-11-24','2031-11-22'),(17476,7,13,4,'2021-11-24','2031-11-22'),(17477,7,16,4,'2023-10-23','2033-10-20'),(17478,7,17,4,'2020-11-02','2030-10-31'),(17479,7,18,4,'2021-11-24','2031-11-22'),(17480,7,20,4,'2021-11-24','2031-11-22'),(17481,7,21,4,'2021-11-24','2031-11-22'),(17482,7,22,4,'2021-11-24','2031-11-22'),(17483,7,25,4,'2020-11-02','2030-10-31'),(17484,7,26,4,'2020-11-02','2030-10-31'),(17485,7,27,4,'2020-11-02','2030-10-31'),(17486,7,28,4,'2020-11-02','2030-10-31'),(17487,7,30,4,'2023-10-23','2033-10-20'),(17488,7,33,4,'2023-10-23','2033-10-20'),(17489,8,1,4,'2020-11-10','2030-11-08'),(17490,8,2,4,'2020-11-10','2030-11-08'),(17491,8,5,4,'2020-11-10','2030-11-08'),(17492,8,11,4,'2021-09-29','2031-09-27'),(17493,8,12,4,'2021-09-29','2031-09-27'),(17494,8,13,4,'2021-09-29','2031-09-27'),(17495,8,16,4,'2023-10-23','2033-10-20'),(17496,8,17,4,'2021-02-02','2031-01-31'),(17497,8,18,4,'2021-09-29','2031-09-27'),(17498,8,20,4,'2021-09-29','2031-09-27'),(17499,8,21,4,'2021-09-29','2031-09-27'),(17500,8,22,4,'2021-09-29','2031-09-27'),(17501,8,29,4,'2019-10-15','2029-10-12'),(17502,8,30,4,'2019-10-15','2029-10-12'),(17503,8,31,4,'2019-10-15','2029-10-12'),(17504,8,32,4,'2019-10-15','2029-10-12'),(17505,8,33,4,'2019-10-14','2029-10-11'),(17506,9,9,3,'2019-11-25','2029-11-22'),(17507,9,33,3,'2019-07-24','2029-07-21'),(17508,10,4,3,'2022-10-18','2032-10-15'),(17509,10,5,3,'2022-10-19','2032-10-16'),(17510,10,6,1,'2024-12-04','2025-01-03'),(17511,11,5,3,'2024-06-17','2034-06-15'),(17512,11,13,3,'2023-05-30','2033-05-27'),(17513,11,22,3,'2023-05-13','2033-05-10'),(17514,11,30,3,'2024-04-12','2034-04-10'),(17515,12,1,4,'2023-01-11','2033-01-08'),(17516,12,2,4,'2021-10-01','2031-09-29'),(17517,12,3,4,'2023-10-24','2033-10-21'),(17518,12,4,4,'2020-10-19','2030-10-17'),(17519,12,5,4,'2020-10-19','2030-10-17'),(17520,12,6,4,'2020-10-19','2030-10-17'),(17521,12,7,4,'2024-07-05','2034-07-03'),(17522,12,28,4,'2024-07-05','2034-07-03'),(17523,13,1,3,'2019-07-17','2029-07-14'),(17524,13,2,3,'2019-07-17','2029-07-14'),(17525,13,17,3,'2019-07-16','2029-07-13'),(17526,14,33,3,'2021-11-16','2031-11-14'),(17527,15,1,4,'2020-11-02','2030-10-31'),(17528,15,2,4,'2020-11-02','2030-10-31'),(17529,15,3,4,'2020-11-02','2030-10-31'),(17530,15,4,4,'2020-11-02','2030-10-31'),(17531,15,5,4,'2020-11-02','2030-10-31'),(17532,15,6,4,'2020-11-02','2030-10-31'),(17533,15,7,4,'2020-11-02','2030-10-31'),(17534,15,11,4,'2020-11-02','2030-10-31'),(17535,15,17,4,'2020-11-02','2030-10-31'),(17536,15,28,4,'2020-11-02','2030-10-31'),(17537,16,2,3,'2019-09-17','2029-09-14'),(17538,16,3,3,'2019-07-17','2029-07-14'),(17539,16,5,3,'2019-07-17','2029-07-14'),(17540,16,6,3,'2023-10-23','2033-10-20'),(17541,16,11,3,'2019-07-17','2029-07-14'),(17542,16,25,3,'2020-10-19','2030-10-17'),(17543,16,28,3,'2020-10-19','2030-10-17'),(17544,17,1,4,'2024-06-17','2034-06-15'),(17545,17,5,4,'2024-06-17','2034-06-14'),(17546,17,28,4,'2024-06-17','2034-06-14'),(17547,17,29,4,'2021-03-15','2031-03-13'),(17548,17,30,4,'2021-03-03','2031-03-01'),(17549,17,31,4,'2019-09-17','2029-09-14'),(17550,17,32,4,'2021-03-03','2031-03-01'),(17551,17,33,4,'2021-09-21','2031-09-19'),(17552,18,1,3,'2023-05-30','2033-05-27'),(17553,19,1,3,'2024-06-14','2034-06-12'),(17554,19,8,3,'2022-09-19','2032-09-16'),(17555,19,29,3,'2023-01-30','2033-01-27'),(17556,20,1,3,'2024-09-10','2034-09-08'),(17557,20,2,3,'2020-10-19','2030-10-17'),(17558,20,4,3,'2019-05-06','2029-05-03'),(17559,20,5,3,'2019-05-06','2029-05-03'),(17560,20,6,3,'2020-03-16','2030-03-14'),(17561,20,25,3,'2020-10-19','2030-10-17'),(17562,20,28,3,'2024-08-01','2034-07-30'),(17563,21,2,3,'2022-04-26','2032-04-23'),(17564,21,5,3,'2024-04-26','2034-04-24'),(17565,21,25,3,'2024-11-25','2034-11-23'),(17566,21,28,2,'2024-11-25','2025-01-24'),(17567,22,1,3,'2024-06-17','2034-06-15'),(17568,22,29,3,'0203-09-29','2033-09-26'),(17569,22,31,3,'2021-09-21','2031-09-19'),(17570,23,9,4,'2020-11-02','2030-10-31'),(17571,23,14,4,'2020-11-02','2030-10-31'),(17572,23,25,4,'2024-07-05','2034-07-03'),(17573,23,28,4,'2024-07-05','2034-07-03'),(17574,23,33,4,'2020-11-02','2030-10-31'),(17575,24,5,3,'2022-10-18','2032-10-15'),(17576,24,8,3,'2020-10-20','2030-10-18'),(17577,24,19,3,'2020-10-20','2030-10-18'),(17578,24,25,3,'2024-09-02','2034-08-31'),(17579,24,28,3,'2024-09-02','2034-08-31'),(17580,25,1,4,'2022-07-01','2032-06-28'),(17581,25,10,4,'2021-03-03','2031-03-01'),(17582,25,11,4,'2022-07-01','2032-06-28'),(17583,25,13,4,'2021-03-03','2031-03-01'),(17584,25,16,4,'2023-10-23','2033-10-20'),(17585,25,17,4,'2021-03-03','2031-03-01'),(17586,25,18,4,'2022-07-01','2032-06-28'),(17587,25,20,4,'2023-10-23','2033-10-20'),(17588,25,21,4,'2023-10-23','2033-10-20'),(17589,25,22,4,'2023-10-23','2033-10-20'),(17590,25,29,4,'2021-03-03','2031-03-01'),(17591,25,30,4,'2023-10-23','2033-10-20'),(17592,25,32,4,'2023-10-23','2033-10-20'),(17593,25,33,4,'2023-10-23','2033-10-20'),(17594,26,6,4,'2022-04-02','2032-03-30'),(17595,26,8,4,'2022-04-02','2032-03-30'),(17596,26,15,4,'2022-04-02','2032-03-30'),(17597,26,19,4,'2022-04-02','2032-03-30'),(17598,26,28,4,'2024-07-05','2034-07-03'),(17599,27,2,3,'2020-11-02','2030-10-31'),(17600,27,4,3,'2019-07-11','2029-07-08'),(17601,27,5,3,'2019-08-28','2029-08-25'),(17602,27,6,3,'2020-11-02','2030-10-31'),(17603,27,7,3,'2020-11-02','2030-10-31'),(17604,27,8,3,'2020-11-02','2030-10-31'),(17605,27,11,3,'2020-11-02','2030-10-31'),(17606,27,13,3,'2023-10-23','2033-10-20'),(17607,27,15,3,'2020-11-02','2030-10-31'),(17608,27,17,3,'2020-11-02','2030-10-31'),(17609,27,19,3,'2020-11-02','2030-10-31'),(17610,27,22,3,'2023-10-23','2033-10-20'),(17611,27,28,3,'2020-11-02','2030-10-31'),(17612,28,9,4,'2024-11-25','2034-11-23'),(17613,28,10,4,'2022-04-25','2032-04-22'),(17614,28,11,4,'2022-07-01','2032-06-28'),(17615,28,12,4,'2022-10-19','2032-10-16'),(17616,28,13,4,'2022-04-25','2032-04-22'),(17617,28,14,4,'2024-11-25','2034-11-23'),(17618,28,16,4,'2023-10-24','2033-10-21'),(17619,28,17,4,'2022-04-25','2032-04-22'),(17620,28,18,4,'2023-10-24','2033-10-21'),(17621,28,20,4,'2022-04-25','2032-04-22'),(17622,28,21,4,'2022-07-01','2032-06-28'),(17623,28,22,4,'2023-10-24','2033-10-21'),(17624,28,28,4,'2024-07-08','2034-07-06'),(17625,29,33,3,'2023-09-27','2033-09-24'),(17626,30,19,3,'2023-03-06','2033-03-03'),(17627,30,28,3,'2024-09-02','2034-08-31'),(17628,31,5,3,'2024-06-13','2034-06-11'),(17629,31,32,3,'2023-10-11','2033-10-08'),(17630,32,5,3,'2022-10-19','2032-10-16'),(17631,32,6,3,'2023-10-23','2033-10-20'),(17632,32,8,3,'2021-05-20','2031-05-18'),(17633,32,19,3,'2022-10-19','2032-10-16'),(17634,32,28,3,'2024-07-08','2034-07-06'),(17635,33,23,3,'2020-12-03','2030-12-01'),(17636,33,24,3,'2020-12-03','2030-12-01'),(17637,33,25,3,'2021-09-13','2031-09-11'),(17638,33,27,3,'2021-09-13','2031-09-11'),(17639,33,28,3,'2024-07-05','2034-07-03'),(17640,34,4,3,'2024-09-02','2034-08-31'),(17641,34,5,3,'2024-09-02','2034-08-31'),(17642,34,6,3,'2024-11-25','2034-11-23'),(17643,35,8,3,'2023-09-27','2033-09-24'),(17644,35,19,3,'2023-06-20','2033-06-17'),(17645,35,25,3,'2024-09-02','2034-08-31'),(17646,35,28,3,'2024-07-05','2034-07-03'),(17647,36,5,3,'2020-11-13','2030-11-11'),(17648,36,31,3,'2019-08-29','2029-08-26'),(17649,37,7,3,'2020-10-19','2030-10-17'),(17650,37,25,3,'2020-10-19','2030-10-17'),(17651,37,26,3,'2020-10-19','2030-10-17'),(17652,37,27,3,'2020-10-19','2030-10-17'),(17653,37,28,3,'2020-10-19','2030-10-17'),(17654,38,9,3,'2020-10-19','2030-10-17'),(17655,38,14,3,'2020-10-19','2030-10-17'),(17656,38,25,3,'2020-10-19','2030-10-17'),(17657,39,2,3,'2020-11-02','2030-10-31'),(17658,39,3,3,'2020-11-02','2030-10-31'),(17659,39,5,3,'2020-11-02','2030-10-31'),(17660,39,11,3,'2022-04-25','2032-04-22'),(17661,39,12,3,'2023-10-23','2033-10-20'),(17662,39,16,3,'2023-10-23','2033-10-20'),(17663,39,18,3,'2022-04-25','2032-04-22'),(17664,39,20,3,'2022-04-25','2032-04-22'),(17665,39,21,3,'2022-04-25','2032-04-22'),(17666,39,25,3,'2024-06-14','2034-06-12'),(17667,39,28,3,'2024-06-14','2034-06-12'),(17668,39,30,3,'2020-11-02','2030-10-31'),(17669,39,31,3,'2020-11-02','2030-10-31'),(17670,40,2,3,'2020-11-02','2030-10-31'),(17903,40,3,3,'2020-11-02','2030-10-31'),(17904,40,4,3,'2020-11-02','2030-10-31'),(17905,40,5,3,'2020-11-02','2030-10-31'),(17906,40,28,3,'2024-06-14','2034-06-12'),(17907,40,30,3,'2020-11-02','2030-10-31'),(17908,40,31,3,'2020-11-02','2030-10-31'),(17909,40,32,3,'2020-11-02','2030-10-31'),(17910,40,33,3,'2020-11-02','2030-10-31'),(17911,41,9,3,'2022-04-04','2032-04-01'),(17912,41,14,3,'2022-04-04','2032-04-01'),(17913,41,25,3,'2024-11-25','2034-11-23'),(17914,42,1,3,'2024-06-13','2034-06-11'),(17915,42,29,3,'2023-10-23','2033-10-20'),(17916,43,11,3,'2021-09-29','2031-09-27'),(17917,43,12,3,'2021-09-29','2031-09-27'),(17918,43,16,3,'2023-10-24','2033-10-21'),(17919,43,20,3,'2021-09-29','2031-09-27'),(17920,43,21,3,'2021-09-29','2031-09-27'),(17921,43,28,3,'2024-07-08','2034-07-06'),(17922,43,30,3,'2021-09-29','2031-09-27'),(17923,43,31,3,'2021-09-29','2031-09-27'),(17924,44,2,3,'2022-10-24','2032-10-21'),(17925,44,3,3,'2022-10-24','2032-10-21'),(17926,44,5,3,'2022-10-24','2032-10-21'),(17927,44,6,3,'2022-10-24','2032-10-21'),(17928,45,2,3,'2019-09-16','2029-09-13'),(17929,45,5,3,'2019-07-30','2029-07-27'),(17930,45,30,3,'2019-09-17','2029-09-14'),(17931,46,5,3,'2024-06-14','2034-06-12'),(17932,46,30,3,'2022-07-27','2032-07-24'),(17933,47,1,4,'2020-11-02','2030-10-31'),(17934,47,2,4,'2020-11-02','2030-10-31'),(17935,47,3,4,'2020-11-02','2030-10-31'),(17936,47,4,4,'2020-11-02','2030-10-31'),(17937,47,5,4,'2020-02-11','2030-10-31'),(17938,47,6,4,'2020-11-02','2030-10-31'),(17939,47,7,4,'2020-11-02','2030-10-31'),(17940,47,11,4,'2020-11-02','2030-10-31'),(17941,47,17,4,'2020-11-02','2030-10-31'),(17942,47,28,4,'2020-11-02','2030-10-31'),(17943,47,31,4,'2020-11-02','2030-10-31'),(17944,48,1,3,'2020-11-02','2030-10-31'),(17945,48,9,3,'2023-03-09','2033-03-06'),(17946,48,29,3,'2020-11-02','2030-10-31'),(17947,49,5,3,'2022-04-03','2032-03-31'),(17948,49,6,3,'2022-04-03','2032-03-31'),(17949,49,8,3,'2024-09-11','2034-09-09'),(17950,49,15,3,'2022-04-03','2032-03-31'),(17951,49,28,1,'2024-12-02','2025-01-01'),(17952,50,15,3,'2024-07-05','2034-07-03'),(17953,51,1,4,'2020-11-02','2030-10-31'),(17954,51,2,4,'2020-11-02','2030-10-31'),(17955,51,4,4,'2020-11-02','2030-10-31'),(17956,51,5,4,'2020-11-02','2030-10-31'),(17957,51,6,4,'2020-11-02','2030-10-31'),(17958,51,28,4,'2024-06-13','2034-06-11'),(17959,51,29,4,'2020-11-02','2030-10-31'),(17960,51,30,4,'2020-11-02','2030-10-31'),(18251,51,31,4,'2020-11-02','2030-10-31'),(18252,51,32,4,'2020-12-10','2030-12-08'),(18253,51,33,4,'2020-11-02','2030-10-31'),(18254,52,9,3,'2020-11-02','2030-10-31'),(18255,52,14,3,'2020-11-02','2030-10-31'),(18271,76,31,1,NULL,'2025-11-01');
/*!40000 ALTER TABLE `polyvalence` ENABLE KEYS */;
UNLOCK TABLES;

--
-- Table structure for table `postes`
--

DROP TABLE IF EXISTS `postes`;
/*!40101 SET @saved_cs_client     = @@character_set_client */;
/*!50503 SET character_set_client = utf8mb4 */;
CREATE TABLE `postes` (
  `id` int NOT NULL AUTO_INCREMENT,
  `poste_code` varchar(50) NOT NULL,
  `visible` tinyint(1) DEFAULT '1',
  `atelier_id` int DEFAULT NULL,
  PRIMARY KEY (`id`),
  KEY `fk_atelier` (`atelier_id`),
  CONSTRAINT `fk_atelier` FOREIGN KEY (`atelier_id`) REFERENCES `atelier` (`id`) ON DELETE SET NULL
) ENGINE=InnoDB AUTO_INCREMENT=78 DEFAULT CHARSET=utf8mb4 COLLATE=utf8mb4_0900_ai_ci;
/*!40101 SET character_set_client = @saved_cs_client */;

--
-- Dumping data for table `postes`
--

LOCK TABLES `postes` WRITE;
/*!40000 ALTER TABLE `postes` DISABLE KEYS */;
INSERT INTO `postes` VALUES (1,'0506',1,5),(2,'0507',1,5),(3,'0510',1,5),(4,'0514',1,5),(5,'0515',1,5),(6,'0516',1,NULL),(7,'0560',1,5),(8,'0830',1,NULL),(9,'0900',1,NULL),(10,'0901',1,NULL),(11,'0902',1,NULL),(12,'0903',1,NULL),(13,'0906',1,NULL),(14,'0910',1,NULL),(15,'0912',1,5),(16,'0920',1,NULL),(17,'0923',1,NULL),(18,'0924',1,NULL),(19,'0930',1,NULL),(20,'0940',1,NULL),(21,'0941',1,NULL),(22,'0942',1,NULL),(23,'1007',1,10),(24,'1026',1,10),(25,'1100',1,11),(26,'1101',1,11),(27,'1103',1,11),(28,'1121',1,11),(29,'1401',1,14),(30,'1402',1,14),(31,'1404',1,14),(32,'1406',1,NULL),(33,'1412',1,14),(70,'1502',0,NULL),(71,'1502',0,NULL),(72,'1502',0,NULL),(74,'1502',0,NULL),(75,'561',0,NULL),(76,'561',0,NULL),(77,'0561',1,NULL);
/*!40000 ALTER TABLE `postes` ENABLE KEYS */;
UNLOCK TABLES;
/*!40103 SET TIME_ZONE=@OLD_TIME_ZONE */;

/*!40101 SET SQL_MODE=@OLD_SQL_MODE */;
/*!40014 SET FOREIGN_KEY_CHECKS=@OLD_FOREIGN_KEY_CHECKS */;
/*!40014 SET UNIQUE_CHECKS=@OLD_UNIQUE_CHECKS */;
/*!40101 SET CHARACTER_SET_CLIENT=@OLD_CHARACTER_SET_CLIENT */;
/*!40101 SET CHARACTER_SET_RESULTS=@OLD_CHARACTER_SET_RESULTS */;
/*!40101 SET COLLATION_CONNECTION=@OLD_COLLATION_CONNECTION */;
/*!40111 SET SQL_NOTES=@OLD_SQL_NOTES */;

-- Dump completed on 2025-10-07  9:38:36
